{
	"Butler Library": [40.806373, -73.963253],
	"Brown Center": [40.807488, -73.963276],
	"Uris": [40.808985, -73.961344],
	"Jschool Library": [40.807714, -73.963794]
}